,날짜,모기지수,강수량(mm),평균기온(C),최저기온(C),최대기온(C)
0,05-01,254.4,0.0,18.8,12.2,26.0
1,05-02,273.5,16.5,21.1,16.5,28.4
2,05-03,304.0,27.0,12.9,8.9,17.6
3,05-04,256.2,0.0,15.7,10.2,20.6
4,05-05,243.8,7.5,18.9,10.2,26.9
5,05-06,248.5,9.5,16.3,13.0,18.6
6,05-07,243.2,0.0,16.5,10.7,22.6
7,05-08,249.0,0.0,19.4,11.6,26.8
8,05-09,249.6,0.0,20.2,16.3,25.4
9,05-10,240.8,13.5,14.5,12.5,18.1
10,05-11,252.1,0.0,16.4,10.4,23.5
11,05-12,261.1,0.0,17.8,12.1,24.0
12,05-13,258.2,0.5,18.6,12.7,25.4
13,05-14,277.8,0.0,20.2,15.1,26.9
14,05-15,306.4,45.0,17.4,12.3,24.2
15,05-16,299.9,2.5,15.9,10.8,21.9
16,05-17,256.9,0.0,19.3,10.9,26.6
17,05-18,275.2,0.0,22.3,13.5,29.5
18,05-19,309.7,0.0,24.3,16.3,31.9
19,05-20,353.6,0.0,24.0,16.8,31.6
20,05-21,407.0,0.0,24.1,17.8,30.4
21,05-22,438.4,0.0,24.7,17.6,31.7
22,05-23,522.5,0.0,23.3,18.3,29.4
23,05-24,614.4,38.5,16.8,15.4,21.8
24,05-25,609.6,0.0,19.7,15.3,24.4
25,05-26,582.1,0.0,19.4,17.5,22.9
26,05-27,527.9,0.0,20.9,14.8,27.1
27,05-28,487.3,0.0,21.7,17.2,28.0
28,05-29,465.9,0.0,21.5,17.2,27.6
29,05-30,434.5,0.0,22.1,16.9,28.9
30,05-31,427.2,0.0,21.6,17.4,27.6
31,06-01,460.2,0.0,23.3,17.1,29.9
32,06-02,496.2,0.0,23.2,17.2,29.1
33,06-03,539.9,0.0,22.2,17.6,27.7
34,06-04,558.4,0.0,21.2,18.2,26.3
35,06-05,554.7,0.0,24.7,17.3,32.2
36,06-06,581.5,0.0,23.3,20.8,28.4
37,06-07,606.2,0.1,21.7,19.6,25.9
38,06-08,616.5,0.0,22.1,18.2,27.7
39,06-09,604.9,0.0,24.1,17.8,31.3
40,06-10,604.9,0.0,24.6,20.2,31.3
41,06-11,644.2,3.0,23.5,20.9,26.5
42,06-12,658.9,1.5,23.5,19.9,26.7
43,06-13,645.7,0.0,23.5,19.4,29.6
44,06-14,639.9,0.0,23.8,19.7,29.5
45,06-15,666.3,15.5,20.9,17.4,24.5
46,06-16,643.5,0.0,20.9,18.6,24.9
47,06-17,606.2,0.0,23.8,18.6,29.1
48,06-18,575.6,0.0,24.5,20.1,29.9
49,06-19,601.5,0.0,24.1,20.3,29.3
50,06-20,615.2,0.0,24.7,19.6,30.7
51,06-21,624.2,0.0,26.0,21.0,31.3
52,06-22,648.6,30.5,24.3,20.9,30.2
53,06-23,728.3,0.1,24.7,19.6,29.4
54,06-24,789.7,3.5,23.1,21.1,25.7
55,06-25,795.1,0.0,22.8,19.2,26.7
56,06-26,755.0,0.0,24.4,19.4,30.3
57,06-27,755.0,0.0,24.4,19.9,29.5
58,06-28,754.9,0.0,24.7,20.4,29.7
59,06-29,729.1,0.0,25.3,20.9,30.2
60,06-30,720.9,0.2,24.6,23.0,26.9
61,07-01,518.3,108.5,24.0,22.0,26.6
62,07-02,509.8,4.0,23.5,20.6,27.7
63,07-03,505.3,0.0,23.5,21.1,26.8
64,07-04,511.1,29.5,21.8,20.2,24.1
65,07-05,525.7,100.5,23.1,20.2,24.8
66,07-06,535.2,0.0,22.9,20.3,26.9
67,07-07,546.5,0.0,24.0,20.1,28.5
68,07-08,550.2,0.0,27.3,21.2,32.4
69,07-09,538.1,0.0,27.7,23.2,32.7
70,07-10,510.9,0.0,27.9,23.2,33.1
71,07-11,489.1,0.0,28.4,24.8,33.4
72,07-12,454.5,3.0,26.3,22.1,30.9
73,07-13,438.2,0.0,26.3,23.2,29.5
74,07-14,426.3,0.1,27.5,24.0,32.4
75,07-15,409.5,1.5,26.2,23.7,29.2
76,07-16,410.2,46.5,20.8,19.8,23.8
77,07-17,443.1,2.5,21.7,20.4,23.1
78,07-18,471.1,0.2,24.4,20.7,28.4
79,07-19,497.8,0.0,27.1,20.9,32.4
80,07-20,496.6,0.0,28.6,24.0,32.9
81,07-21,482.4,0.0,28.3,24.9,32.2
82,07-22,478.9,0.0,29.1,25.3,34.1
83,07-23,464.1,0.5,28.7,27.2,31.6
84,07-24,425.7,0.5,28.0,27.0,30.1
85,07-25,397.9,0.0,28.4,26.4,31.4
86,07-26,376.1,0.0,28.4,25.6,31.9
87,07-27,369.9,0.5,27.6,26.7,28.9
88,07-28,373.0,0.2,28.0,26.7,30.5
89,07-29,372.9,59.5,26.3,23.4,28.4
90,07-30,388.8,0.5,28.6,26.4,33.0
91,07-31,387.5,0.2,28.9,26.6,32.8
92,08-01,380.7,0.0,28.4,25.8,32.4
93,08-02,381.3,2.0,27.2,25.0,31.1
94,08-03,379.6,0.0,29.1,24.0,34.2
95,08-04,378.3,0.0,30.7,26.0,35.7
96,08-05,368.9,0.0,31.2,26.5,36.0
97,08-06,346.8,0.0,30.5,26.6,34.0
98,08-07,343.5,0.0,30.6,27.0,35.0
99,08-08,338.5,0.0,30.5,26.4,35.5
100,08-09,332.1,1.0,29.3,26.4,33.6
101,08-10,325.7,0.0,29.4,26.1,34.8
102,08-11,320.0,0.0,30.5,26.1,36.4
103,08-12,319.6,0.0,30.4,26.4,35.9
104,08-13,323.8,0.0,30.2,26.8,35.1
105,08-14,324.1,0.2,28.9,27.3,31.8
106,08-15,332.0,0.0,29.1,25.8,34.0
107,08-16,336.2,0.5,29.3,26.2,34.9
108,08-17,335.9,0.0,29.9,25.1,34.7
109,08-18,335.6,0.0,29.9,26.2,34.3
110,08-19,336.5,11.5,28.9,26.6,33.2
111,08-20,337.5,0.0,30.1,26.5,34.9
112,08-21,338.9,0.0,30.7,26.9,36.6
113,08-22,328.9,0.4,30.7,25.8,36.3
114,08-23,327.6,8.0,28.3,26.0,33.0
115,08-24,330.5,0.0,29.1,26.4,32.9
116,08-25,331.2,4.5,27.1,24.0,32.2
117,08-26,339.2,20.0,23.0,19.5,28.2
118,08-27,363.6,0.0,23.4,16.9,29.7
119,08-28,394.8,1.5,21.0,18.3,24.5
120,08-29,443.0,0.0,22.2,17.4,27.1
121,08-30,480.8,0.0,20.6,17.9,24.5
122,08-31,524.2,17.5,17.7,16.1,19.2
123,09-01,545.4,0.0,23.2,15.8,28.6
124,09-02,491.2,4.5,24.2,20.6,29.0
125,09-03,499.0,0.5,23.9,20.4,28.6
126,09-04,517.9,0.0,25.6,22.1,29.6
127,09-05,576.3,0.0,26.4,23.0,31.1
128,09-06,640.6,0.0,24.7,21.0,29.0
129,09-07,697.8,0.0,24.3,20.9,28.6
130,09-08,806.8,4.5,23.0,21.5,26.5
131,09-10,815.9,0.0,24.4,20.0,29.1
132,09-11,821.4,0.0,24.5,22.1,28.2
133,09-12,805.9,2.5,23.4,21.4,27.5
134,09-13,756.7,0.0,24.6,19.6,30.8
135,09-14,743.2,0.0,24.6,21.4,28.9
136,09-15,743.2,0.0,23.9,18.8,29.5
137,09-16,753.3,0.0,24.6,20.4,29.5
138,09-17,759.2,7.0,23.1,18.5,28.2
139,09-18,729.9,0.0,23.5,20.2,28.3
140,09-19,708.9,0.0,21.9,18.2,27.8
141,09-20,682.2,0.0,20.6,15.4,26.8
142,09-21,623.5,0.0,20.2,14.3,25.3
143,09-22,551.5,0.0,21.9,17.5,27.2
144,09-23,523.7,0.0,21.4,16.4,27.9
145,09-24,481.3,0.0,22.3,16.5,28.9
146,09-25,478.6,0.0,23.0,18.6,29.7
147,09-26,480.8,0.0,23.6,19.7,28.9
148,09-27,496.8,13.5,21.0,19.1,23.8
149,09-28,503.5,0.5,19.9,18.7,21.8
150,09-29,513.2,0.0,20.4,18.2,24.8
151,09-30,509.8,0.0,20.5,17.7,23.5
152,10-01,513.2,0.0,21.1,17.5,25.6
153,10-02,501.2,18.5,19.0,16.7,22.4
154,10-03,452.5,6.5,22.7,19.6,27.9
155,10-04,447.4,0.0,22.0,15.6,29.0
156,10-05,461.7,0.0,21.1,17.5,27.2
157,10-06,487.9,0.0,18.0,13.6,23.5
158,10-07,453.0,2.0,19.7,16.5,24.8
159,10-08,439.9,6.0,16.8,10.3,21.8
160,10-09,392.2,0.0,11.3,6.5,16.6
161,10-10,328.3,0.0,14.0,7.4,21.4
162,10-11,265.4,0.0,15.4,10.0,21.1
163,10-12,229.6,0.0,15.5,11.4,20.7
164,10-13,197.9,0.0,15.2,9.3,21.9
165,10-14,186.0,0.0,16.7,10.5,23.5
166,10-15,173.1,0.0,19.1,12.4,27.1
167,10-16,184.7,1.5,17.2,15.4,19.5
168,10-17,212.9,0.0,17.5,14.5,21.7
169,10-18,232.7,0.0,17.0,11.2,24.0
170,10-19,241.2,0.0,18.0,14.0,24.3
171,10-20,260.4,0.0,18.6,12.9,25.8
172,10-21,283.3,0.0,17.9,15.7,22.0
173,10-22,294.4,0.0,18.3,14.5,22.8
174,10-23,288.5,2.5,13.3,10.6,17.8
175,10-24,269.0,0.0,15.1,9.0,20.6
176,10-25,248.1,37.0,14.1,12.5,17.5
177,10-26,234.0,0.0,13.3,10.5,16.3
178,10-27,207.2,0.0,14.6,8.6,20.9
179,10-28,184.7,0.3,14.6,10.2,18.4
180,10-29,172.3,0.0,7.8,3.5,11.2
181,10-30,137.0,0.0,7.9,1.6,15.1
182,10-31,118.0,0.5,5.7,0.7,8.2
183,11-01,25.0,0.0,1.5,-2.4,6.6
184,11-02,15.8,0.1,4.1,-2.7,10.5
185,11-03,11.2,0.2,9.1,4.2,14.1
186,11-04,9.4,0.0,12.3,8.2,15.7
187,11-05,8.6,0.0,15.0,12.2,18.1
188,11-06,11.1,0.0,14.0,11.9,18.3
189,11-07,14.6,5.5,12.8,8.5,17.8
190,11-08,19.9,0.5,4.1,0.4,8.4
191,11-09,21.9,0.0,2.1,-3.2,8.6
192,11-10,20.7,0.4,6.0,1.5,9.8
193,11-11,18.5,4.0,9.1,6.2,14.2
194,11-12,16.9,0.0,11.4,5.1,16.7
195,11-13,14.9,0.5,14.4,12.1,18.1
196,11-14,14.8,1.5,13.2,10.2,15.8
197,11-15,15.5,0.0,5.2,2.5,10.2
198,11-16,25.1,0.0,5.2,0.0,12.0
199,11-17,29.7,0.0,9.1,4.0,16.5
200,11-19,20.5,0.0,13.0,9.9,18.6
201,11-20,22.3,0.0,9.8,6.4,15.3
202,11-21,18.9,0.0,9.5,5.1,14.6
203,11-22,16.0,0.2,2.0,-2.1,8.4
204,11-23,15.6,0.0,-1.8,-4.8,3.6
205,11-24,11.7,0.0,-2.5,-6.2,2.4
206,11-25,7.7,0.0,1.0,-3.5,6.0
207,11-26,5.7,2.8,0.9,-0.7,2.7
208,11-27,3.6,0.0,3.3,0.5,6.6
209,11-28,2.9,0.0,1.4,-1.4,5.6
210,11-29,2.1,0.0,1.7,-2.8,8.6
211,11-30,2.0,1.0,6.0,0.7,9.8
212,12-01,2.5,0.0,4.1,-1.0,7.0
213,12-02,3.0,0.0,1.6,-3.5,7.9
214,12-03,3.1,0.0,4.5,-0.7,11.3
215,12-04,3.5,0.0,5.5,2.0,9.5
216,12-05,3.7,1.5,5.9,0.5,10.3
217,12-06,4.2,0.0,-1.1,-4.2,4.3
218,12-07,3.8,0.0,1.7,-2.7,7.5
219,12-08,3.4,3.0,2.1,-3.0,6.1
220,12-09,3.2,3.0,1.4,-2.9,4.2
221,12-10,3.0,0.0,-1.6,-5.9,3.6
222,12-11,2.5,0.0,-1.1,-6.1,6.4
223,12-12,2.0,0.0,2.3,-3.0,6.3
224,12-13,1.7,0.0,3.4,-0.4,8.8
225,12-14,2.1,0.1,-1.4,-2.3,-0.1
226,12-15,1.9,0.0,-5.0,-7.6,-1.5
227,12-16,1.5,0.0,-4.7,-9.8,0.0
228,12-17,1.2,0.0,2.7,-2.7,8.0
229,12-19,1.7,0.1,7.2,4.3,12.0
230,12-20,2.1,0.0,7.6,4.4,13.6
231,12-21,2.5,29.0,7.9,4.1,12.6
232,12-22,3.5,23.5,5.5,1.5,11.0
233,12-23,5.2,0.1,-2.5,-4.4,1.5
234,12-24,6.0,0.0,-2.4,-4.3,1.1
235,12-25,5.0,0.0,1.0,-4.5,6.4
236,12-26,4.0,0.0,2.5,1.3,4.4
237,12-27,3.3,0.5,-2.3,-6.3,1.3
238,12-28,2.2,0.0,-3.7,-8.4,2.6
239,12-29,1.4,0.3,-4.2,-7.2,-1.1
240,12-30,1.0,0.0,-3.9,-9.1,1.0
241,12-31,0.9,0.0,0.7,-3.6,5.7
242,01-01,1.0,0.0,2.7,-1.6,6.9
243,01-02,1.1,0.3,5.0,1.8,9.2
244,01-03,1.2,0.0,2.0,-2.3,7.7
245,01-04,1.5,0.0,3.9,1.0,8.9
246,01-05,2.1,0.0,3.8,-0.1,7.3
247,01-06,2.8,0.0,5.4,2.5,11.4
248,01-07,4.1,0.0,4.6,0.0,10.5
249,01-08,4.7,0.0,6.5,4.0,10.9
250,01-09,5.5,0.0,1.5,-3.1,4.3
251,01-10,4.7,0.0,-3.7,-7.4,1.1
252,01-11,3.8,0.0,-3.8,-9.4,1.5
253,01-12,2.6,0.0,-2.2,-6.1,1.0
254,01-13,2.0,0.6,-6.0,-8.6,-1.4
255,01-14,1.3,0.0,-8.4,-10.5,-5.4
256,01-15,0.8,0.0,-6.6,-11.5,-0.9
257,01-16,0.4,0.0,-3.8,-8.9,4.0
258,01-17,0.3,0.0,-2.0,-7.1,3.4
259,01-18,0.3,0.0,-0.5,-3.0,2.8
260,01-19,0.4,0.0,-1.2,-4.9,4.7
261,01-20,0.4,4.0,-4.4,-7.8,-1.4
262,01-21,0.5,2.1,-5.2,-10.0,-0.9
263,01-22,0.5,0.0,-8.3,-10.9,-3.3
264,01-23,0.5,0.0,-8.9,-12.6,-4.1
265,01-24,0.4,0.0,-7.0,-11.6,-1.3
266,01-25,0.3,0.0,-5.2,-10.2,0.9
267,01-26,0.3,0.3,-1.3,-7.9,3.4
268,01-27,0.2,3.0,-2.6,-5.7,3.1
269,01-28,0.3,0.0,-1.6,-8.2,4.3
270,01-29,0.3,4.5,0.8,-0.9,2.5
271,01-30,0.4,0.1,-4.8,-7.9,-0.9
272,01-31,0.5,0.0,-5.4,-9.9,0.2
273,02-01,0.6,0.0,-4.0,-7.5,0.7
274,02-02,0.6,0.0,-2.7,-9.2,3.3
275,02-03,0.6,0.0,1.5,-2.3,6.7
276,02-04,0.7,0.0,0.9,-2.9,3.2
277,02-05,0.9,0.5,1.2,-1.5,2.3
278,02-06,0.8,0.0,-1.7,-4.4,2.6
279,02-07,1.0,0.0,-2.0,-5.6,3.0
280,02-08,1.2,0.0,-2.2,-4.9,0.6
281,02-09,1.2,0.0,-5.3,-7.1,-2.1
282,02-10,1.2,0.0,-6.6,-9.3,-2.5
283,02-11,0.8,0.0,-4.8,-9.2,0.8
284,02-12,0.6,0.0,-2.2,-7.4,4.2
285,02-13,0.6,0.0,0.1,-5.4,6.1
286,02-14,0.6,0.0,0.3,-4.0,6.5
287,02-15,0.7,0.0,1.8,-3.9,8.0
288,02-16,0.8,0.0,5.5,-1.9,10.3
289,02-17,1.1,4.0,0.8,-5.2,9.0
290,02-18,1.6,0.0,-2.6,-7.0,2.9
291,02-19,1.7,1.0,2.3,-3.4,5.7
292,02-20,2.0,0.5,-1.5,-5.2,5.4
293,02-21,1.9,0.0,-0.6,-7.6,6.9
294,02-22,1.8,5.1,1.7,-0.9,2.9
295,02-23,1.7,0.0,-1.5,-4.2,2.1
296,02-24,1.4,0.0,-0.8,-5.8,4.4
297,02-25,1.2,0.0,2.6,-2.8,8.4
298,02-26,1.4,0.0,3.6,-1.5,10.1
299,02-27,1.6,0.0,3.7,-1.8,10.7
300,02-28,1.8,0.0,5.6,-1.3,12.3
301,03-01,2.3,5.0,5.0,2.0,11.4
302,03-03,3.3,0.0,3.3,-3.1,10.4
303,03-04,4.0,0.0,5.7,0.1,12.7
304,03-05,4.6,0.5,5.2,1.2,10.4
305,03-06,5.0,0.0,0.1,-2.8,4.0
306,03-07,4.5,0.0,-1.3,-4.0,2.9
307,03-08,3.6,0.0,-0.1,-5.3,5.0
308,03-09,2.7,0.0,3.2,-2.7,10.7
309,03-10,2.7,0.0,4.8,-1.2,12.2
310,03-11,2.9,0.0,7.3,-0.2,16.7
311,03-12,3.2,0.0,8.2,4.4,14.0
312,03-13,3.7,0.0,6.9,1.5,12.2
313,03-14,4.6,0.0,5.8,1.0,10.9
314,03-15,5.9,0.0,6.3,0.4,13.3
315,03-16,7.8,0.0,6.2,1.0,13.4
316,03-17,8.8,0.0,7.7,1.2,15.7
317,03-18,9.6,0.0,9.5,5.9,16.1
318,03-19,10.4,0.0,10.9,3.2,18.9
319,03-20,10.5,0.0,10.2,6.0,15.5
320,03-21,11.8,0.0,7.4,4.3,12.6
321,03-22,12.8,0.0,7.6,1.9,14.1
322,03-23,13.3,0.0,9.1,5.1,15.0
323,03-24,14.7,0.0,8.7,3.9,15.2
324,03-25,15.1,0.0,8.1,5.0,12.6
325,03-26,14.2,0.0,7.3,4.8,11.6
326,03-27,13.3,0.4,6.1,4.4,10.9
327,03-28,11.4,0.0,7.1,2.5,12.7
328,03-29,10.9,0.0,8.8,4.7,14.4
329,03-30,11.3,0.0,10.6,4.1,17.1
330,03-31,11.6,1.5,8.6,4.9,12.4
331,04-01,11.8,1.0,9.0,4.8,15.1
332,04-02,11.9,0.0,9.0,3.1,15.8
333,04-03,12.1,0.0,11.4,4.3,19.2
334,04-04,14.4,0.0,14.1,6.7,21.8
335,04-05,18.4,37.5,12.0,10.8,14.2
336,04-06,20.8,3.0,10.4,9.4,12.4
337,04-07,21.5,0.0,14.5,9.0,23.5
338,04-08,26.4,0.5,13.0,8.6,19.9
339,04-09,31.8,0.5,14.8,10.6,20.5
340,04-10,39.7,0.0,16.5,10.1,23.3
341,04-11,48.9,0.0,15.3,11.5,20.2
342,04-12,53.7,0.0,11.5,8.8,16.4
343,04-13,54.1,0.0,12.7,6.3,19.6
344,04-14,57.4,6.0,13.0,10.1,17.7
345,04-15,56.0,0.0,16.8,10.9,24.3
346,04-16,62.1,0.0,18.7,12.9,24.4
347,04-17,67.3,5.5,14.7,11.2,18.0
348,04-18,64.7,7.5,11.7,9.4,17.4
349,04-19,56.0,0.0,12.6,7.0,18.4
350,04-20,55.4,0.1,12.9,9.9,18.2
351,04-21,59.2,0.0,13.1,7.6,19.3
352,04-22,55.4,0.0,14.8,8.5,22.5
353,04-23,51.4,0.0,14.9,8.9,21.7
354,04-24,47.2,0.0,15.1,8.3,21.3
355,04-25,45.5,0.0,16.0,12.9,20.4
356,04-26,52.2,0.0,15.1,10.5,20.2
357,04-27,58.6,0.0,13.6,7.9,19.8
358,04-28,59.2,0.0,14.4,8.9,21.5
359,04-29,65.4,0.0,17.1,9.6,23.7
360,04-30,68.6,0.0,19.3,13.7,27.8
361,05-01,65.3,0.0,20.1,12.8,28.3
362,05-02,116.8,0.0,20.7,15.2,28.0
363,05-03,106.7,0.0,21.5,14.5,30.2
364,05-04,148.2,0.0,21.0,14.8,27.5
365,05-05,204.7,0.0,20.9,15.5,27.0
366,05-06,448.8,0.0,14.9,10.0,19.3
367,05-07,517.2,0.0,16.6,10.9,22.8
368,05-08,208.4,0.0,17.9,11.1,23.5
369,05-09,701.8,2.5,17.1,15.3,22.6
370,05-10,559.8,2.5,16.4,14.2,20.8
371,05-11,217.2,0.0,19.3,13.1,24.8
372,05-12,173.8,0.0,19.1,16.8,21.1
373,05-13,125.2,6.0,16.4,12.4,22.6
374,05-14,129.1,0.0,15.7,11.0,20.7
375,05-15,110.1,0.0,16.0,12.3,20.1
376,05-16,127.4,0.0,17.1,13.3,22.3
377,05-17,158.1,0.0,18.6,12.3,25.9
378,05-18,178.8,0.0,20.4,13.9,26.9
379,05-19,169.9,0.0,21.1,15.1,27.9
380,05-20,188.3,0.0,20.9,15.4,27.3
381,05-21,205.7,0.0,21.5,16.0,27.6
382,05-22,245.9,0.0,21.8,15.9,28.0
383,05-23,406.9,5.0,20.0,17.2,24.4
384,05-24,455.7,0.1,21.8,16.9,27.8
385,05-25,467.4,0.0,19.2,14.4,24.4
386,05-26,560.8,0.0,17.7,12.4,23.2
387,05-27,248.1,0.0,19.5,13.7,26.4
388,05-28,563.8,0.0,21.2,14.4,27.9
389,05-29,829.1,0.0,22.9,18.1,29.3
390,05-30,578.5,0.0,23.6,18.6,30.3
391,05-31,450.6,0.0,23.3,17.7,29.6
392,06-01,406.9,0.0,23.3,20.0,27.0
393,06-01,406.9,0.0,23.3,20.0,27.0
394,06-01,406.9,0.0,23.3,20.0,27.0
395,06-01,406.9,0.0,23.3,20.0,27.0
396,06-02,464.1,0.0,20.5,15.5,25.6
397,06-03,516.5,0.0,20.5,16.1,26.5
398,06-04,475.8,0.0,21.7,15.1,28.1
399,06-05,627.8,0.0,24.2,16.4,30.3
400,06-06,613.0,15.5,19.4,14.5,23.9
401,06-07,531.3,12.5,17.6,15.1,19.2
402,06-08,455.7,0.0,20.1,15.1,25.9
403,06-09,487.6,0.1,21.2,17.9,25.7
404,06-10,501.7,4.5,21.5,16.7,27.5
405,06-11,422.0,0.0,22.8,14.8,29.6
406,06-11,422.0,0.0,22.8,14.8,29.6
407,06-12,381.7,0.0,22.1,17.0,28.0
408,06-13,440.5,0.0,21.5,18.3,25.9
409,06-14,464.1,0.0,21.8,17.8,26.8
410,06-15,500.7,0.0,23.1,18.0,29.6
411,06-16,489.3,0.0,25.5,20.0,32.7
412,06-17,551.0,0.0,24.2,20.6,29.9
413,06-18,566.7,0.0,24.3,18.6,31.8
414,06-19,555.9,0.0,24.8,19.5,30.2
415,06-20,679.0,0.0,26.0,20.0,32.7
416,06-21,797.1,0.0,25.4,21.7,31.6
417,06-22,961.5,0.0,25.3,21.2,30.4
418,06-23,1000.0,0.0,26.7,21.3,34.1
419,06-24,1000.0,3.5,24.5,21.5,27.8
420,06-24,1000.0,3.5,24.5,21.5,27.8
421,06-25,1000.0,1.5,23.8,21.0,28.4
422,06-26,1000.0,29.0,23.1,20.1,29.9
423,06-26,1000.0,29.0,23.1,20.1,29.9
424,06-27,1000.0,0.0,25.2,20.8,30.5
425,06-28,1000.0,0.0,26.0,22.5,30.5
426,06-29,1000.0,0.0,26.2,21.9,31.5
427,06-30,1000.0,0.0,25.9,22.2,30.9
428,07-01,754.1,0.5,25.3,22.4,30.7
429,07-02,756.3,92.0,24.3,21.9,26.8
430,07-03,755.2,67.5,24.7,21.9,27.4
431,07-04,794.9,0.5,26.7,23.8,31.6
432,07-05,847.9,0.0,27.4,23.3,32.6
433,07-06,855.6,34.0,27.6,23.9,34.6
434,07-07,877.7,16.5,26.4,24.4,28.4
435,07-08,882.1,4.5,26.0,24.6,27.6
436,07-09,884.3,32.5,26.3,23.8,30.3
437,07-10,928.4,144.5,24.0,22.6,25.4
438,07-10,928.4,144.5,24.0,22.6,25.4
439,07-10,928.4,144.5,24.0,22.6,25.4
440,07-10,928.4,144.5,24.0,22.6,25.4
441,07-11,921.8,1.0,26.0,22.2,30.9
442,07-12,911.9,0.0,27.1,24.9,31.1
443,07-13,909.7,0.0,27.6,23.1,32.1
444,07-14,900.8,0.0,28.7,26.1,33.0
445,07-15,935.0,42.5,25.0,23.4,27.3
446,07-16,921.8,22.5,26.2,23.4,28.8
447,07-17,919.6,7.5,26.8,24.0,29.0
448,07-18,952.7,2.5,26.5,23.9,30.7
449,07-19,976.9,0.0,28.3,24.5,34.1
450,07-20,1000.0,0.0,29.9,26.0,34.9
451,07-21,1000.0,0.0,29.8,27.3,32.4
452,07-22,1000.0,0.5,29.3,27.5,32.5
453,07-23,1000.0,133.5,27.0,26.1,28.1
454,07-24,1000.0,3.0,26.2,25.6,27.3
455,07-25,1000.0,0.0,29.4,24.6,35.4
456,07-26,1000.0,0.0,28.7,24.2,32.8
457,07-27,1000.0,3.5,27.1,24.9,29.7
458,07-28,1000.0,8.5,25.5,24.8,26.9
459,07-29,1000.0,0.0,27.2,25.0,30.1
460,07-30,969.2,0.0,27.9,24.7,32.6
461,07-31,994.6,3.5,25.7,24.8,27.1
462,08-01,529.3,2.0,28.6,24.1,33.0
463,08-02,518.5,0.0,30.0,26.6,33.0
464,08-03,428.7,0.0,30.2,27.2,33.9
465,08-04,423.7,0.0,30.3,25.9,35.3
466,08-05,380.0,0.0,31.4,27.6,34.8
467,08-05,380.0,0.0,31.4,27.6,34.8
468,08-05,380.0,0.0,31.4,27.6,34.8
469,08-05,380.0,0.0,31.4,27.6,34.8
470,08-06,228.0,5.0,29.8,28.2,34.0
471,08-07,210.1,0.0,29.2,26.4,34.4
472,08-08,181.6,0.0,28.2,25.5,31.0
473,08-09,209.0,2.5,27.6,24.6,32.0
474,08-10,211.8,5.5,24.8,23.9,26.3
475,08-11,231.4,0.5,27.0,23.9,32.4
476,08-12,252.1,0.0,27.8,23.2,32.6
477,08-13,317.7,0.0,26.3,24.2,28.4
478,08-14,448.9,1.5,24.6,23.1,27.1
479,08-15,554.9,93.5,21.9,20.8,24.0
480,08-16,433.8,2.0,23.3,20.5,26.8
481,08-17,472.5,0.5,24.8,21.2,27.7
482,08-18,454.0,0.0,26.3,23.9,30.6
483,08-19,455.7,0.0,26.1,23.1,28.7
484,08-20,482.6,124.5,23.2,22.0,25.8
485,08-21,513.5,5.0,25.8,23.7,29.2
486,08-22,505.7,0.0,27.3,23.4,31.5
487,08-23,443.9,31.5,27.2,24.6,30.2
488,08-24,423.7,14.0,26.5,23.9,28.1
489,08-27,541.1,0.0,22.7,19.0,26.7
490,08-28,285.8,9.0,21.5,18.3,26.5
491,08-29,227.5,0.0,19.5,17.0,24.0
492,08-30,253.8,0.0,19.8,16.1,23.9
493,08-31,204.0,0.0,22.2,16.6,27.6
494,09-01,460.7,0.0,23.3,17.1,29.7
495,09-01,460.7,0.0,23.3,17.1,29.7
496,09-01,460.7,0.0,23.3,17.1,29.7
497,09-01,460.7,0.0,23.3,17.1,29.7
498,09-02,381.7,0.0,23.8,18.6,29.6
499,09-03,455.7,0.0,23.7,19.0,29.2
500,09-04,460.7,0.0,24.6,19.7,30.1
501,09-05,497.7,0.0,21.9,20.4,23.7
502,09-06,506.6,2.0,20.6,18.5,24.0
503,09-07,509.6,0.0,22.4,17.8,27.5
504,09-08,499.4,0.0,24.3,20.4,29.9
505,09-09,507.6,0.0,23.8,19.2,28.2
506,09-10,515.5,0.5,23.0,19.9,26.1
507,09-11,489.3,24.0,21.2,18.6,24.6
508,09-11,489.3,24.0,21.2,18.6,24.6
509,09-11,489.3,24.0,21.2,18.6,24.6
510,09-11,489.3,24.0,21.2,18.6,24.6
511,09-12,443.9,0.0,22.1,17.7,27.9
512,09-13,475.8,0.0,21.4,15.9,27.5
513,09-14,494.3,0.0,22.4,14.8,29.5
514,09-15,509.6,0.0,22.6,17.8,27.9
515,09-15,509.6,0.0,22.6,17.8,27.9
516,09-15,509.6,0.0,22.6,17.8,27.9
517,09-15,509.6,0.0,22.6,17.8,27.9
518,09-16,459.0,0.0,22.0,16.7,27.6
519,09-17,450.6,0.0,23.1,19.0,29.2
520,09-18,470.8,0.0,21.9,16.4,27.6
521,09-19,477.5,8.0,22.6,20.1,25.8
522,09-20,502.7,0.0,19.5,14.1,24.9
523,09-21,500.7,0.0,20.3,14.2,27.0
524,09-22,497.7,0.0,20.6,15.4,26.8
525,09-23,383.3,0.0,21.8,17.6,27.3
526,09-24,413.6,0.0,22.4,18.8,27.9
527,09-25,415.3,0.0,23.4,17.4,30.1
528,09-26,459.0,0.0,25.1,19.4,31.4
529,09-27,491.0,0.5,22.7,19.9,27.3
530,09-28,519.4,0.0,19.2,14.2,25.3
531,09-28,519.4,0.0,19.2,14.2,25.3
532,09-29,520.4,0.0,17.4,11.2,23.5
533,09-30,656.4,0.0,20.0,14.7,25.9
534,10-01,329.5,4.0,18.2,15.5,21.2
535,10-02,277.4,1.5,22.0,15.6,29.4
536,10-03,247.0,0.0,17.6,13.4,23.6
537,10-04,221.9,0.0,16.7,10.7,24.3
538,10-05,181.6,0.0,18.7,13.9,23.4
539,10-06,177.2,0.5,18.9,16.2,23.3
540,10-07,185.5,0.0,21.9,16.9,28.8
541,10-08,185.0,0.0,23.0,19.3,28.7
542,10-09,199.0,0.0,22.5,19.8,27.6
543,10-10,207.9,0.4,21.4,18.6,24.8
544,10-11,226.3,20.0,15.5,12.2,21.7
545,10-12,341.3,0.0,11.4,8.8,0.0
546,10-13,177.7,0.0,12.8,6.1,18.9
547,10-14,86.6,0.0,14.4,9.0,20.5
548,10-15,81.6,0.0,15.8,9.0,23.0
549,10-16,74.3,0.0,16.6,13.6,22.0
550,10-17,69.8,0.0,16.2,9.2,23.9
551,10-18,66.5,0.1,16.5,14.2,19.1
552,10-19,66.5,0.0,17.0,11.9,23.2
553,10-20,69.8,0.0,17.0,11.1,24.2
554,10-21,75.4,0.0,17.6,11.0,25.2
555,10-22,115.1,0.0,16.3,11.0,23.5
556,10-23,124.0,0.0,13.7,8.6,20.6
557,10-24,97.2,0.0,14.4,9.9,20.9
558,10-25,96.7,0.0,14.4,9.5,20.6
559,10-26,95.5,0.0,14.5,10.7,18.1
560,10-27,92.7,0.0,16.9,11.9,24.2
561,10-28,92.7,0.0,17.2,10.6,24.8
562,10-29,92.2,0.0,11.5,6.3,17.2
563,10-30,54.2,0.0,7.7,2.5,13.2
564,10-31,23.4,0.0,10.4,3.6,16.0
565,11-01,5.5,0.0,14.4,11.5,18.1
566,11-02,5.5,1.0,15.5,14.0,18.0
567,11-03,5.5,1.5,12.3,6.1,16.6
568,11-04,5.5,0.0,7.8,4.5,13.7
569,11-05,5.5,0.0,8.4,2.6,15.4
570,11-06,5.5,0.0,11.4,8.0,16.5
571,11-07,5.5,0.0,14.4,9.2,18.4
572,11-08,5.5,0.0,13.1,6.9,17.2
573,11-09,5.5,0.0,9.4,3.7,16.8
574,11-10,5.5,7.5,9.8,5.3,15.9
575,11-11,5.5,0.0,5.9,2.7,10.7
576,11-12,5.5,0.0,5.3,0.3,11.4
577,11-13,5.5,4.5,8.4,3.1,11.8
578,11-14,5.5,0.0,7.5,2.9,11.4
579,11-15,5.5,0.0,3.2,-1.1,6.5
580,11-16,5.5,0.0,1.0,-3.4,6.4
581,11-17,5.5,0.0,3.0,-1.6,5.8
582,11-18,5.5,0.0,-2.1,-4.8,2.6
583,11-19,5.5,0.0,-1.6,-6.6,3.5
584,11-20,5.5,0.0,-0.4,-3.9,4.2
585,11-21,5.5,0.0,1.3,-4.2,8.1
586,11-22,5.5,0.5,4.3,0.6,10.8
587,11-23,5.5,1.2,0.9,-2.5,4.7
588,11-24,5.5,0.0,-0.4,-2.5,2.9
589,11-26,5.5,0.0,3.3,-0.3,7.6
590,11-27,5.5,0.0,2.5,-2.9,9.5
591,11-28,5.5,0.5,6.4,1.3,11.2
592,11-29,5.5,0.0,3.2,-1.8,8.1
593,11-30,5.5,0.0,-2.4,-5.2,2.7
594,12-01,5.5,0.0,-2.2,-7.6,3.1
595,12-02,5.5,0.0,1.9,-4.6,8.1
596,12-03,5.5,4.0,4.9,3.1,8.1
597,12-03,5.5,4.0,4.9,3.1,8.1
598,12-03,5.5,4.0,4.9,3.1,8.1
599,12-03,5.5,4.0,4.9,3.1,8.1
600,12-04,5.5,0.1,-1.2,-6.1,4.5
601,12-05,5.5,0.1,-4.2,-8.2,-0.4
602,12-06,5.5,1.2,0.2,-4.5,6.0
603,12-07,5.5,0.0,0.7,-3.5,4.6
604,12-08,5.5,0.0,-3.8,-7.1,-0.5
605,12-09,5.5,0.0,-0.5,-5.6,5.4
606,12-10,5.5,4.1,1.1,-2.5,6.7
607,12-11,5.5,0.0,-7.0,-11.0,-2.5
608,12-11,5.5,0.0,-7.0,-11.0,-2.5
609,12-12,5.5,0.0,-9.4,-12.3,-5.2
610,12-13,5.5,0.0,-8.7,-12.0,-4.4
611,12-14,5.5,0.0,-6.6,-11.2,-1.9
612,12-15,5.5,0.0,-3.0,-7.5,0.9
613,12-16,5.5,0.0,-5.7,-8.1,-2.6
614,12-17,5.5,0.0,-6.7,-10.8,-2.3
615,12-18,5.5,3.4,-1.6,-5.9,3.3
616,12-19,5.5,0.0,-3.9,-6.5,-1.0
617,12-20,5.5,0.2,-3.9,-8.5,-0.1
618,12-20,5.5,0.2,-3.9,-8.5,-0.1
619,12-21,5.5,0.0,-0.9,-5.6,4.6
620,12-22,5.5,0.0,3.4,-1.9,6.6
621,12-23,5.5,0.0,6.1,5.0,8.7
622,12-24,5.5,20.0,2.9,-0.6,5.7
623,12-25,5.5,0.0,-2.1,-4.9,0.6
624,12-26,5.5,0.0,-3.8,-7.9,-1.1
625,12-27,5.5,0.0,-6.9,-10.3,-2.6
626,12-28,5.5,0.0,-2.1,-6.8,0.8
627,12-29,5.5,0.0,2.1,-0.4,6.0
628,12-30,5.5,0.7,1.4,-1.2,4.5
629,12-31,5.5,1.0,-0.3,-3.2,3.3
630,01-01,5.5,0.0,-1.3,-5.1,3.8
631,01-02,5.5,0.0,-1.8,-4.3,1.8
632,01-03,5.5,0.0,-4.7,-7.1,-0.4
633,01-04,5.5,0.0,-4.7,-8.7,-0.7
634,01-05,5.5,0.0,-3.0,-5.6,1.6
635,01-06,5.5,0.0,-2.8,-6.8,2.9
636,01-07,5.5,0.0,-0.8,-5.7,2.8
637,01-08,5.5,0.9,1.3,-1.2,4.0
638,01-09,5.5,0.5,-4.2,-6.1,-1.2
639,01-10,5.5,0.3,-7.5,-10.3,-4.8
640,01-11,5.5,0.0,-11.1,-13.6,-7.4
641,01-12,5.5,0.0,-10.2,-15.3,-5.4
642,01-13,5.5,0.4,-4.4,-6.6,-1.2
643,01-14,5.5,0.0,0.6,-4.4,5.4
644,01-15,5.5,0.2,4.7,1.8,7.7
645,01-16,5.5,0.0,3.5,0.1,6.8
646,01-17,5.5,0.0,4.5,2.4,8.7
647,01-18,5.5,0.0,2.1,0.3,4.5
648,01-19,5.5,0.0,1.0,-2.5,5.5
649,01-20,5.5,0.0,2.2,-1.0,6.9
650,01-21,5.5,0.0,0.4,-3.7,5.5
651,01-22,5.5,3.3,0.2,-5.3,4.0
652,01-23,5.5,0.0,-11.7,-14.6,-5.3
653,01-24,5.5,0.0,-14.2,-16.3,-10.7
654,01-25,5.5,0.0,-14.0,-16.4,-9.5
655,01-26,5.5,0.0,-14.8,-17.8,-10.7
656,01-27,5.5,0.0,-9.9,-15.9,-3.5
657,01-28,5.5,0.0,-6.3,-9.3,-1.2
658,01-28,5.5,0.0,-6.3,-9.3,-1.2
659,01-29,5.5,0.0,-8.5,-11.6,-4.7
660,01-30,5.5,2.9,-5.3,-11.4,-0.8
661,01-31,5.5,0.0,-2.6,-5.2,0.0
662,02-01,5.5,0.0,-4.0,-8.8,1.2
663,02-02,5.5,0.0,-2.4,-7.6,3.8
664,02-03,5.5,0.5,-7.3,-10.4,-2.1
665,02-04,5.5,0.0,-9.5,-12.8,-5.2
666,02-05,5.5,0.0,-9.4,-11.8,-5.1
667,02-06,5.5,0.0,-10.1,-12.8,-5.8
668,02-07,5.5,0.0,-8.0,-13.4,-1.6
669,02-08,5.5,0.0,-4.4,-9.7,2.0
670,02-09,5.5,0.0,0.4,-5.3,6.1
671,02-09,5.5,0.0,0.4,-5.3,6.1
672,02-09,5.5,0.0,0.4,-5.3,6.1
673,02-09,5.5,0.0,0.4,-5.3,6.1
674,02-10,5.5,0.0,-0.5,-6.9,3.2
675,02-10,5.5,0.0,-0.5,-6.9,3.2
676,02-11,5.5,0.0,-6.1,-9.5,-2.2
677,02-12,5.5,0.0,-5.8,-9.6,-1.8
678,02-13,5.5,0.0,-0.8,-7.4,4.3
679,02-14,5.5,0.0,3.5,-0.7,8.7
680,02-15,5.5,0.0,-0.7,-3.7,4.0
681,02-16,5.5,0.0,-1.1,-5.5,4.9
682,02-17,5.5,0.0,-3.0,-7.1,1.4
683,02-18,5.5,0.0,-0.4,-4.9,5.2
684,02-19,5.5,0.0,1.8,-1.9,6.8
685,02-20,5.5,0.0,0.9,-2.4,5.5
686,02-21,5.5,0.0,-0.9,-4.5,4.4
687,02-22,5.5,0.4,1.3,-3.9,5.4
688,02-23,5.5,3.7,4.2,-0.3,8.6
689,02-23,5.5,3.7,4.2,-0.3,8.6
690,02-23,5.5,3.7,4.2,-0.3,8.6
691,02-23,5.5,3.7,4.2,-0.3,8.6
692,02-24,5.5,0.0,2.4,-1.1,7.2
693,02-25,5.5,0.0,1.9,-1.6,7.9
694,02-26,5.5,0.0,3.1,-3.2,10.4
695,02-27,5.5,0.0,4.2,0.6,6.9
696,02-28,5.5,25.0,4.6,1.8,7.8
697,03-01,5.5,0.5,-0.2,-4.3,3.0
698,03-02,5.5,0.0,-0.7,-6.7,5.4
699,03-03,5.5,0.0,7.9,-0.1,16.2
700,03-04,5.5,11.5,9.8,7.6,11.9
701,03-05,5.5,3.5,5.5,1.3,11.4
702,03-06,5.5,0.0,4.5,-1.1,10.9
703,03-07,5.5,0.5,6.4,2.2,10.7
704,03-08,5.5,4.0,4.6,2.7,9.7
705,03-09,5.5,0.0,4.5,1.4,9.6
706,03-10,5.5,0.0,4.6,0.7,9.7
707,03-11,5.5,0.0,6.4,2.7,12.2
708,03-12,5.5,0.0,8.0,2.2,15.5
709,03-13,5.5,0.0,12.4,5.2,18.8
710,03-14,5.5,0.0,17.0,13.6,22.1
711,03-15,5.5,27.0,12.4,8.4,16.6
712,03-16,5.5,0.0,7.1,3.6,12.2
713,03-17,5.5,0.0,6.6,0.5,14.0
714,03-18,5.5,0.5,8.2,5.4,12.5
715,03-19,5.5,1.0,8.0,6.2,10.4
716,03-20,5.5,0.0,4.7,1.6,9.1
717,03-21,5.5,1.0,2.1,1.1,5.3
718,03-22,5.5,0.0,4.9,0.6,11.6
719,03-23,5.5,0.0,6.1,1.8,12.5
720,03-24,5.5,0.0,7.6,4.0,13.1
721,03-25,5.5,0.0,9.6,4.6,16.9
722,03-25,5.5,0.0,9.6,4.6,16.9
723,03-25,5.5,0.0,9.6,4.6,16.9
724,03-25,5.5,0.0,9.6,4.6,16.9
725,03-26,5.5,0.0,11.0,5.3,18.1
726,03-27,5.5,0.0,13.3,7.7,20.0
727,03-28,5.5,0.0,14.0,9.4,19.0
728,03-29,5.5,0.0,15.4,11.8,21.1
729,03-30,5.5,0.0,14.8,9.8,21.9
730,03-31,5.5,0.0,14.0,9.3,20.1
731,04-01,10.0,0.0,15.6,11.7,18.5
732,04-02,17.8,0.0,18.4,14.9,23.7
733,04-03,87.7,0.1,17.8,14.9,21.2
734,04-04,109.5,18.5,13.4,9.5,18.2
735,04-05,62.0,10.5,7.6,6.7,9.5
736,04-06,10.6,6.5,5.8,3.0,8.6
737,04-07,1.6,0.2,4.2,1.4,8.6
738,04-08,1.6,3.0,3.9,0.6,7.9
739,04-09,1.6,0.0,7.9,0.1,15.4
740,04-10,0.5,5.0,15.1,6.9,21.9
741,04-11,1.1,0.0,12.6,8.7,17.3
742,04-12,1.1,0.0,13.3,6.8,19.6
743,04-13,0.5,0.0,14.6,8.3,19.3
744,04-14,0.5,9.0,9.0,7.5,14.8
745,04-15,0.5,0.0,9.5,5.6,14.2
746,04-16,0.5,0.0,11.6,4.9,18.8
747,04-17,20.6,0.0,12.9,6.8,20.1
748,04-18,20.1,0.0,12.4,6.2,19.3
749,04-19,18.4,0.0,14.0,7.4,20.5
750,04-20,17.8,0.0,18.4,11.0,26.3
751,04-21,19.5,0.0,18.7,12.3,25.6
752,04-22,20.1,15.5,15.5,10.7,21.0
753,04-23,16.7,59.0,9.3,8.4,10.7
754,04-24,19.0,3.0,12.1,8.9,16.1
755,04-25,24.0,0.0,14.6,5.7,23.3
756,04-26,45.2,0.0,14.9,10.0,22.1
757,04-27,41.9,0.0,15.7,9.7,23.3
758,04-28,32.9,0.0,15.4,10.5,21.7
759,04-29,25.7,0.0,16.2,9.4,22.9
760,04-30,25.1,0.0,19.2,14.1,25.0
761,05-01,24.0,0.0,20.4,17.8,23.3
762,05-02,50.3,12.0,15.1,8.7,19.7
763,05-03,73.7,1.0,11.2,6.9,14.7
764,05-04,13.4,0.0,14.1,8.8,20.0
765,05-05,19.5,0.0,18.3,11.6,24.6
766,05-06,32.4,22.0,16.6,15.0,20.7
767,05-07,30.7,0.0,19.2,14.0,25.5
768,05-08,24.0,0.0,17.5,11.6,22.9
769,05-09,17.3,0.0,15.7,9.2,21.8
770,05-10,15.0,0.0,15.4,11.3,21.4
771,05-11,77.1,0.0,16.1,11.9,21.3
772,05-12,135.8,32.0,14.2,11.8,16.1
773,05-13,93.3,0.5,15.8,12.7,20.0
774,05-14,84.9,0.0,18.2,11.9,24.5
775,05-15,71.5,0.0,23.2,15.4,29.3
776,05-16,81.6,45.0,22.3,21.8,24.4
777,05-17,164.3,83.0,20.9,18.8,23.5
778,05-18,125.2,6.5,16.3,12.2,19.3
779,05-19,130.8,0.0,17.6,10.3,24.7
780,05-20,98.3,0.0,17.0,11.5,22.6
781,05-21,183.3,0.0,17.8,11.3,23.7
782,05-22,220.8,12.5,18.1,15.4,23.2
783,05-23,230.3,6.5,17.3,13.6,23.3
784,05-24,167.1,0.0,18.3,11.2,23.7
785,05-25,101.7,0.0,19.7,13.8,26.2
786,05-26,160.9,0.0,21.8,14.0,29.6
787,05-27,502.7,0.0,20.3,17.3,24.7
788,05-28,430.4,0.0,22.3,16.2,29.1
789,05-29,297.6,1.0,21.4,19.1,25.9
790,05-30,455.7,0.0,20.2,15.8,24.7
791,05-31,274.0,0.0,20.9,14.2,27.6
792,06-01,413.6,0.0,23.8,17.5,30.2
793,06-02,459.0,0.0,23.4,17.6,30.1
794,06-03,525.4,0.0,24.0,16.9,30.8
795,06-04,464.1,0.0,22.6,18.9,27.5
796,06-05,508.6,0.0,23.7,17.7,29.2
797,06-06,564.8,0.0,23.0,18.4,27.9
798,06-07,644.5,0.0,22.2,17.8,29.4
799,06-08,613.0,0.0,21.9,18.5,27.0
800,06-08,613.0,0.0,21.9,18.5,27.0
801,06-08,613.0,0.0,21.9,18.5,27.0
802,06-08,613.0,0.0,21.9,18.5,27.0
803,06-09,576.6,0.5,23.7,18.9,30.1
804,06-10,566.7,0.5,21.3,18.3,24.9
805,06-11,563.8,5.0,20.2,18.0,23.9
806,06-12,445.6,0.0,21.3,16.6,27.1
807,06-12,445.6,0.0,21.3,16.6,27.1
808,06-12,445.6,0.0,21.3,16.6,27.1
809,06-12,445.6,0.0,21.3,16.6,27.1
810,06-13,465.8,0.0,22.0,18.3,27.0
811,06-14,492.7,29.0,21.6,18.8,25.1
812,06-15,415.3,16.5,21.7,17.2,27.0
813,06-16,380.0,0.0,22.5,16.3,28.7
814,06-17,346.3,0.0,22.8,18.9,27.5
815,06-18,395.1,0.0,24.8,19.9,30.8
816,06-19,507.6,0.0,22.4,19.1,27.2
817,06-20,470.8,0.0,22.7,19.1,28.4
818,06-21,460.7,0.0,23.7,19.4,28.7
819,06-22,610.1,0.0,25.0,18.2,32.0
820,06-23,654.4,0.0,24.5,20.9,28.9
821,06-24,793.8,0.0,25.2,20.1,32.1
822,06-25,969.2,0.0,27.1,21.3,32.9
823,06-26,1000.0,71.5,22.3,20.2,26.9
824,06-27,974.7,1.0,22.3,19.1,25.5
825,06-28,766.3,26.5,23.3,20.6,27.3
826,06-29,817.0,6.5,24.7,21.9,29.1
827,06-30,869.9,14.5,24.4,21.6,27.9
828,07-01,602.2,83.5,21.9,21.0,22.8
829,07-02,615.0,59.5,22.6,20.6,25.3
830,07-03,637.6,0.1,27.4,22.5,32.6
831,07-04,614.0,0.0,27.3,24.0,31.8
832,07-05,602.2,0.5,25.3,23.4,29.0
833,07-06,741.1,0.0,23.9,21.5,27.1
834,07-07,739.1,0.0,23.7,19.5,29.2
835,07-08,720.4,0.0,23.3,17.7,28.1
836,07-09,524.4,14.0,20.8,20.1,24.2
837,07-10,524.4,16.5,23.7,20.4,26.5
838,07-11,533.2,3.0,26.8,24.4,29.5
839,07-12,539.1,1.0,26.6,25.1,28.2
840,07-13,540.1,0.0,27.3,24.7,30.9
841,07-14,539.1,0.0,27.9,24.6,31.9
842,07-15,536.2,0.0,28.3,24.5,33.2
843,07-16,669.2,0.0,28.7,24.0,34.0
844,07-17,739.1,0.0,28.1,23.9,32.1
845,07-18,1000.0,0.0,28.2,23.7,33.2
846,07-19,1000.0,0.0,28.7,23.2,34.1
847,07-20,1000.0,0.0,29.5,24.6,34.7
848,07-21,1000.0,0.0,30.6,24.9,36.9
849,07-22,1000.0,0.0,31.8,25.3,38.0
850,07-23,1000.0,0.0,31.7,29.2,35.7
851,07-24,1000.0,0.0,31.4,27.2,36.8
852,07-25,1000.0,0.0,30.1,27.7,34.1
853,07-26,1000.0,0.0,30.1,27.3,33.7
854,07-27,1000.0,0.0,30.9,27.2,35.4
855,07-28,1000.0,7.5,29.5,28.0,35.2
856,07-29,1000.0,0.0,31.3,26.4,36.7
857,07-30,1000.0,0.0,31.7,26.2,36.9
858,07-31,1000.0,0.0,32.6,27.8,38.3
859,08-01,81.0,0.0,33.6,27.8,39.6
860,08-02,63.7,0.0,33.7,30.3,37.9
861,08-03,50.8,0.0,33.1,30.0,37.9
862,08-04,49.1,0.0,31.1,28.0,34.9
863,08-05,50.3,2.0,30.0,27.2,33.9
864,08-06,53.1,6.5,30.5,28.3,35.3
865,08-07,44.7,0.0,30.5,26.8,35.9
866,08-08,53.1,0.0,31.0,27.6,35.3
867,08-09,69.3,2.0,28.8,27.1,32.5
868,08-10,87.7,0.0,30.7,25.7,36.8
869,08-11,111.8,0.0,31.0,26.4,36.0
870,08-12,102.2,5.0,30.6,27.2,35.3
871,08-13,96.7,1.0,30.5,26.7,34.4
872,08-14,102.8,0.0,31.7,27.7,37.2
873,08-15,97.2,1.0,31.7,28.3,38.0
874,08-16,91.6,0.0,29.9,24.1,35.6
875,08-17,82.1,0.0,27.2,21.7,33.8
876,08-18,89.9,0.0,26.7,21.5,32.1
877,08-19,98.3,0.0,28.2,23.0,34.4
878,08-20,105.6,0.0,29.1,25.1,33.3
879,08-21,116.2,5.0,26.6,23.4,31.0
880,08-22,161.5,0.0,30.7,23.4,37.6
881,08-23,195.6,3.0,29.4,25.7,32.2
882,08-24,197.3,7.5,24.4,23.2,26.3
883,08-25,257.2,0.0,25.2,22.7,29.3
884,08-26,349.7,2.0,23.2,20.3,29.0
885,08-27,237.0,19.5,22.7,20.2,24.9
886,08-28,351.4,96.5,23.7,22.5,26.1
887,08-29,396.8,42.0,25.2,22.7,27.4
888,08-30,479.2,9.5,25.3,23.9,28.2
889,08-31,513.5,0.1,25.6,22.8,30.3
890,09-01,508.6,0.0,25.5,20.8,30.9
891,09-02,527.3,0.0,25.1,20.1,29.6
892,09-03,599.2,34.5,23.3,21.4,25.8
893,09-04,645.5,0.0,23.2,20.0,27.8
894,09-05,664.2,0.0,24.0,19.6,28.5
895,09-06,617.0,1.0,24.1,20.9,28.2
896,09-07,631.7,0.5,22.0,19.1,25.5
897,09-08,580.5,0.0,21.7,15.9,27.7
898,09-09,546.0,0.0,22.2,15.6,28.9
899,09-10,544.1,0.0,22.9,18.6,28.4
900,09-11,530.3,0.0,21.6,16.8,26.1
901,09-12,516.5,0.0,22.8,16.8,28.2
902,09-13,514.5,0.0,23.5,20.3,28.3
903,09-14,489.3,0.5,23.5,20.3,26.8
904,09-15,522.4,0.2,23.3,21.0,26.0
905,09-16,543.1,2.0,22.2,21.0,23.9
906,09-17,517.5,0.1,22.3,18.5,27.7
907,09-18,508.6,0.0,22.0,17.7,26.5
908,09-19,520.4,0.2,22.1,18.9,26.6
909,09-20,515.5,5.0,19.0,17.8,20.1
910,09-21,447.3,18.0,19.4,17.6,21.9
911,09-22,405.2,6.5,20.8,17.2,25.5
912,09-23,363.2,0.0,19.4,15.6,25.3
913,09-24,391.7,0.0,17.6,14.2,22.1
914,09-25,422.0,0.0,17.8,10.8,24.3
915,09-26,568.7,0.0,19.4,16.2,24.8
916,09-27,518.5,0.0,18.9,13.2,25.0
917,09-28,518.5,0.0,17.5,14.3,22.2
918,09-29,539.1,0.0,20.2,14.6,27.0
919,09-30,526.3,0.0,17.6,14.0,21.6
920,10-01,197.3,0.0,15.4,13.0,19.7
921,10-02,191.1,0.0,15.9,10.3,22.0
922,10-03,172.1,0.0,17.3,11.2,24.2
923,10-04,167.7,0.0,19.3,13.0,25.6
924,10-05,167.1,36.5,16.9,15.7,19.0
925,10-06,163.2,55.5,18.0,16.3,21.7
926,10-07,157.6,0.0,16.4,12.3,21.1
927,10-08,155.4,0.0,14.8,9.2,20.9
928,10-15,38.0,0.0,15.2,10.9,21.0
929,10-16,38.0,0.0,14.5,9.9,20.3
930,10-19,39.1,0.0,13.1,7.2,20.4
931,10-21,60.9,0.0,13.4,7.2,21.1
932,10-22,63.7,0.0,14.0,8.8,20.6
933,10-26,62.6,11.0,12.2,9.9,14.7
934,10-29,34.6,0.0,7.2,3.4,11.7
935,11-08,5.5,64.0,11.8,10.5,14.7
936,11-17,5.5,0.0,4.9,0.6,11.4
937,11-18,5.5,0.0,6.1,1.9,10.7
938,11-19,5.5,0.0,6.5,3.3,11.3
939,11-20,5.5,0.2,6.5,0.0,12.7
940,11-21,5.5,1.0,5.8,3.1,8.2
941,11-22,5.5,0.0,2.3,-1.3,7.1
942,11-23,5.5,0.0,1.9,-3.1,7.6
943,11-24,5.5,10.9,2.6,0.3,3.8
944,11-25,5.5,0.0,4.8,1.3,9.8
945,11-26,5.5,0.0,6.3,1.6,13.6
946,11-27,5.5,0.0,7.1,3.1,12.5
947,11-28,5.5,0.0,5.0,2.1,11.1
948,11-29,5.5,0.0,3.5,0.6,6.7
949,11-30,5.5,0.0,2.7,-1.5,8.0
950,12-01,5.5,0.0,5.5,0.8,12.4
951,12-02,5.5,0.0,8.2,2.8,11.8
952,12-03,5.5,9.5,11.5,9.3,13.5
953,12-04,5.5,5.0,6.7,-0.3,11.8
954,12-05,5.5,0.0,0.0,-4.3,3.4
955,12-06,5.5,0.0,2.4,-1.0,6.8
956,12-07,5.5,0.0,-7.3,-9.6,-1.1
957,12-08,5.5,0.0,-8.3,-11.4,-4.4
958,12-09,5.5,0.0,-7.2,-11.8,-2.1
959,12-10,5.5,0.0,-2.5,-8.1,4.6
960,12-11,5.5,0.0,0.2,-2.4,2.9
961,12-12,5.5,0.0,-1.9,-5.0,2.4
962,12-13,5.5,1.3,-2.2,-5.9,2.1
963,12-14,5.5,0.0,-4.4,-7.8,0.6
964,12-15,5.5,0.0,-2.4,-7.8,3.2
965,12-16,5.5,0.3,0.0,-2.6,2.1
966,12-17,5.5,0.3,1.6,-1.5,5.9
967,12-18,5.5,0.0,2.6,-2.8,7.4
968,12-19,5.5,0.0,4.0,1.3,9.5
969,12-20,5.5,0.0,3.4,-1.1,10.4
970,12-21,5.5,0.0,5.6,0.4,9.8
971,12-22,5.5,0.0,6.9,2.9,12.4
972,12-23,5.5,0.0,2.4,-3.4,7.5
973,12-24,5.5,0.0,-2.3,-5.9,3.1
974,12-25,5.5,0.0,0.6,-4.0,5.2
975,12-26,5.5,0.0,-1.5,-7.1,3.0
976,12-27,5.5,0.0,-10.1,-12.5,-6.5
977,12-28,5.5,0.0,-10.5,-14.4,-6.6
978,12-29,5.5,0.0,-7.6,-10.5,-3.0
979,12-30,5.5,0.0,-6.8,-11.3,-0.9
980,12-31,5.5,0.0,-5.4,-10.5,-0.5
981,01-01,5.5,0.0,-5.0,-8.2,-0.6
982,01-02,5.5,0.0,-4.9,-8.8,0.2
983,01-03,5.5,0.0,-3.5,-8.4,3.2
984,01-04,5.5,0.0,-1.1,-6.2,4.1
985,01-05,5.5,0.0,-2.8,-5.5,1.1
986,01-06,5.5,0.0,-2.8,-6.3,2.7
987,01-07,5.5,0.0,-1.9,-6.2,3.1
988,01-08,5.5,0.0,-3.5,-7.2,0.5
989,01-09,5.5,0.0,-4.7,-9.4,1.3
990,01-10,5.5,0.0,-0.6,-4.5,3.0
991,01-11,5.5,0.0,2.4,-0.4,7.2
992,01-12,5.5,0.0,2.8,-0.6,8.0
993,01-13,5.5,0.0,1.2,-3.0,7.6
994,01-14,5.5,0.0,1.4,-2.4,5.3
995,01-15,5.5,0.0,-1.7,-7.2,2.6
996,01-16,5.5,0.0,-5.2,-10.1,-1.1
997,01-17,5.5,0.0,-0.3,-3.2,4.0
998,01-18,5.5,0.0,0.6,-4.6,6.7
999,01-19,5.5,0.0,3.6,0.0,8.5
1000,01-20,5.5,0.0,-1.4,-5.5,4.0
1001,01-21,5.5,0.0,-1.2,-6.7,4.2
1002,01-22,5.5,0.0,1.7,-3.3,7.1
1003,01-23,5.5,0.0,2.0,-0.8,7.0
1004,01-24,5.5,0.0,0.1,-4.6,6.5
1005,01-25,5.5,0.0,-1.2,-3.8,2.6
1006,01-26,5.5,0.0,-2.5,-6.5,2.4
1007,01-27,5.5,0.0,-0.1,-6.6,5.1
1008,01-28,5.5,0.0,1.2,-2.4,4.5
1009,01-29,5.5,0.0,-0.2,-5.6,7.0
1010,01-30,5.5,0.0,1.8,-2.8,6.6
1011,01-31,5.5,0.0,-2.0,-6.2,2.3
1012,02-01,5.5,0.3,-2.1,-7.4,2.8
1013,02-02,5.5,0.0,1.4,-3.2,6.1
1014,02-03,5.5,16.0,3.3,2.0,4.9
1015,02-04,5.5,0.0,-0.6,-3.3,3.0
1016,02-05,5.5,0.0,2.8,-3.6,10.1
1017,02-06,5.5,0.0,5.1,0.1,9.3
1018,02-07,5.5,0.5,-2.1,-8.2,6.3
1019,02-08,5.5,0.0,-6.1,-10.2,-1.3
1020,02-09,5.5,0.0,-5.4,-8.6,-1.9
1021,02-10,5.5,0.0,-5.0,-9.1,-1.9
1022,02-11,5.5,0.0,-3.0,-7.5,2.0
1023,02-12,5.5,0.0,-0.6,-4.1,3.7
1024,02-13,5.5,0.0,-2.1,-5.7,2.5
1025,02-14,5.5,0.0,-0.5,-5.9,6.3
1026,02-15,5.5,2.2,-0.8,-2.9,0.9
1027,02-16,5.5,0.2,-2.7,-5.1,1.5
1028,02-17,5.5,0.0,-1.8,-6.8,4.6
1029,02-18,5.5,0.0,0.9,-4.7,5.9
1030,02-19,5.5,4.6,1.4,0.2,3.0
1031,02-20,5.5,0.0,1.7,-0.1,4.5
1032,02-21,5.5,0.0,2.4,-2.6,9.0
1033,02-22,5.5,0.0,4.0,-1.6,10.8
1034,02-23,5.5,0.0,6.8,0.5,14.5
1035,02-24,5.5,0.0,6.3,1.2,13.7
1036,02-25,5.5,0.0,4.7,1.3,10.2
1037,02-26,5.5,0.0,5.2,-1.5,12.0
1038,02-27,5.5,0.0,7.8,4.7,14.0
1039,02-28,5.5,0.0,6.6,2.0,12.8
1040,03-01,5.5,0.0,6.6,1.2,13.0
1041,03-02,5.5,0.0,7.8,1.3,14.7
1042,03-03,5.5,0.0,9.4,2.5,16.1
1043,03-04,5.5,0.0,9.9,5.0,16.3
1044,03-05,5.5,0.0,8.4,5.6,12.9
1045,03-06,5.5,0.0,8.4,5.7,12.4
1046,03-07,5.5,0.0,7.0,3.1,12.7
1047,03-08,5.5,0.0,6.1,0.6,13.4
1048,03-09,5.5,0.0,7.2,-0.4,14.9
1049,03-10,5.5,0.0,10.1,6.7,15.3
1050,03-11,5.5,0.0,6.6,3.5,10.0
1051,03-12,5.5,0.0,3.9,-0.3,7.9
1052,03-13,5.5,0.0,3.5,-0.4,8.5
1053,03-14,5.5,0.0,5.0,-1.7,10.0
1054,03-15,5.5,3.5,5.5,1.6,11.3
1055,03-16,5.5,0.0,4.3,0.2,9.2
1056,03-17,5.5,0.0,6.3,2.6,12.4
1057,03-18,5.5,0.0,7.1,1.4,14.4
1058,03-19,5.5,0.0,10.0,3.4,16.7
1059,03-20,5.5,16.5,10.3,7.1,14.6
1060,03-21,5.5,3.3,7.1,1.9,11.1
1061,03-22,5.5,0.0,3.3,-0.7,8.3
1062,03-23,5.5,1.7,3.3,-0.4,8.2
1063,03-24,5.5,0.0,4.3,-0.8,9.7
1064,03-25,5.5,0.0,7.3,2.9,11.5
1065,03-26,5.5,0.0,11.4,7.4,17.6
1066,03-27,5.5,0.0,11.6,8.9,16.2
1067,03-28,5.5,0.0,9.4,5.6,14.6
1068,03-29,5.5,0.0,9.2,5.5,15.1
1069,03-30,5.5,1.8,5.2,3.5,8.4
1070,03-31,5.5,0.0,4.4,2.6,8.4
1071,04-01,6.7,0.0,5.5,0.3,11.3
1072,04-02,1.6,0.0,6.7,1.3,13.0
1073,04-03,2.2,0.0,7.6,1.9,13.6
1074,04-04,2.7,0.0,9.2,3.0,15.7
1075,04-05,2.7,0.0,11.4,7.0,17.2
1076,04-06,2.2,0.8,9.3,5.9,12.2
1077,04-07,1.6,0.0,12.6,5.6,20.3
1078,04-08,1.1,0.0,11.6,7.6,17.2
1079,04-09,2.7,17.4,9.2,4.7,13.9
1080,04-10,3.3,5.6,7.1,4.7,10.2
1081,04-11,8.3,0.0,9.5,4.3,15.7
1082,04-12,14.5,0.0,11.4,5.5,18.4
1083,04-13,15.6,0.0,11.8,6.2,17.9
1084,04-14,13.9,1.7,9.6,6.9,13.6
1085,04-15,13.4,0.0,11.6,3.9,18.1
1086,04-16,12.8,0.0,14.9,6.8,22.6
1087,04-17,12.8,0.0,15.3,9.1,21.8
1088,04-18,12.8,0.0,12.6,10.4,16.2
1089,04-19,10.6,0.0,13.8,9.6,19.7
1090,04-20,9.5,1.2,14.3,9.7,19.1
1091,04-21,10.0,0.3,14.8,12.2,20.2
1092,04-22,11.7,0.0,19.3,10.7,28.2
1093,04-23,0.0,0.0,20.4,15.3,25.5
1094,04-24,0.0,4.1,19.5,15.8,25.9
1095,04-25,0.0,11.3,13.2,9.4,17.2
1096,04-26,0.0,4.9,8.4,6.2,9.9
1097,04-27,0.0,0.0,11.6,4.1,18.2
1098,04-28,0.0,0.0,12.9,9.9,16.6
1099,04-29,0.0,0.0,13.0,8.3,17.3
1100,04-30,16.2,0.0,15.5,9.0,22.5
1101,05-01,2.2,0.0,16.4,11.2,22.2
1102,05-02,1.1,0.0,17.1,10.6,25.3
1103,05-03,1.6,0.0,17.9,10.1,26.1
1104,05-04,6.7,0.0,19.5,12.0,27.4
1105,05-05,72.1,0.0,19.2,13.6,26.5
1106,05-06,107.8,0.0,14.5,9.8,19.8
1107,05-07,116.2,0.0,15.0,8.4,21.9
1108,05-08,107.3,0.0,15.6,10.1,21.3
1109,05-09,158.1,0.0,16.6,11.7,22.9
1110,05-10,141.9,0.0,17.8,10.3,26.8
1111,05-11,126.8,0.0,20.3,13.2,28.3
1112,05-12,123.5,0.0,21.6,14.7,28.9
1113,05-13,118.5,0.0,18.7,15.5,22.8
1114,05-14,128.5,0.0,19.6,12.9,26.9
1115,05-15,192.8,0.0,20.7,14.8,28.0
1116,05-16,400.2,0.0,23.5,16.7,30.0
1117,05-17,349.7,0.0,23.6,17.6,28.3
1118,05-18,487.6,0.0,22.8,19.1,25.9
1119,05-19,265.6,22.0,19.4,17.9,21.6
1120,05-20,255.5,8.7,16.4,13.0,20.2
1121,05-21,294.2,0.0,17.2,11.7,23.8
1122,05-22,227.5,0.0,19.5,12.3,26.5
1123,05-23,643.6,0.0,22.1,15.0,29.2
1124,05-24,646.5,0.0,24.2,16.2,33.4
1125,05-25,528.3,0.0,23.4,18.4,28.6
1126,05-26,279.1,0.0,24.5,18.6,31.1
1127,05-27,210.1,7.1,17.8,14.3,22.3
1128,05-28,216.8,0.0,18.1,11.9,24.6
1129,05-29,221.3,0.0,20.3,13.3,26.5
1130,05-30,364.8,0.0,19.6,14.6,24.5
1131,05-31,672.1,0.0,19.1,16.1,23.3
1132,06-01,571.6,0.0,18.9,14.8,23.7
1133,06-02,595.3,0.0,21.1,14.1,27.8
1134,06-03,637.6,0.0,23.1,16.0,29.5
1135,06-04,585.4,0.0,22.6,17.6,29.0
1136,06-05,513.5,0.0,23.0,17.8,29.6
1137,06-06,435.5,7.5,21.2,18.6,25.1
1138,06-07,400.2,35.3,20.0,17.0,24.7
1139,06-08,366.5,0.0,21.9,16.0,27.6
1140,06-09,438.8,2.5,21.6,17.1,26.5
1141,06-10,472.5,9.5,18.4,15.7,21.9
1142,06-11,406.9,0.0,20.5,15.5,26.1
1143,06-12,341.3,0.0,21.5,16.1,26.4
1144,06-13,464.1,0.0,23.0,16.6,28.8
1145,06-14,448.9,0.0,23.0,19.1,28.4
1146,06-15,401.8,2.1,21.9,17.9,27.4
1147,06-16,373.2,0.0,22.0,16.1,27.2
1148,06-17,596.3,0.0,21.7,18.1,26.2
1149,06-18,418.7,13.8,20.8,17.0,24.8
1150,06-19,457.3,0.2,21.4,18.9,25.4
1151,06-27,850.1,1.4,25.5,21.9,31.2
1152,06-28,993.5,0.0,24.7,22.3,29.0
1153,06-29,1000.0,1.5,23.1,19.6,27.7
1154,06-30,1000.0,0.0,23.9,20.9,28.5
1155,07-01,713.5,0.0,23.9,20.6,28.9
1156,07-02,707.6,0.0,24.4,20.8,30.1
1157,07-03,716.4,0.0,24.1,21.2,27.4
1158,07-04,713.5,0.0,25.4,20.0,32.8
1159,07-05,713.5,0.0,27.6,20.2,35.0
1160,07-06,716.4,0.0,29.7,24.6,36.1
1161,07-07,778.4,0.0,26.7,22.7,32.5
1162,07-08,808.2,0.0,25.1,21.2,31.0
1163,07-09,808.2,0.0,25.0,19.7,30.0
1164,07-10,779.5,8.5,22.7,19.3,27.3
1165,07-11,731.2,2.9,21.9,19.5,25.9
1166,07-12,713.5,0.0,23.6,20.0,28.7
1167,07-13,726.3,0.0,24.9,22.1,29.7
1168,07-14,691.8,0.0,25.9,21.2,31.6
1169,07-15,701.7,7.7,23.8,22.1,27.4
1170,07-16,704.6,6.3,24.7,21.4,28.8
1171,07-17,705.6,0.7,25.6,22.3,29.2
1172,07-18,716.4,0.0,26.9,23.3,32.1
1173,07-19,765.2,0.0,28.6,22.8,35.0
1174,07-20,872.2,1.1,28.0,25.1,31.9
1175,07-21,906.3,6.2,25.1,24.2,27.0
1176,07-22,903.0,0.1,26.7,24.2,31.0
1177,07-23,943.8,0.0,28.1,24.4,32.9
1178,07-24,1000.0,1.0,26.5,25.2,27.2
1179,07-25,1000.0,9.7,26.3,25.6,27.4
1180,07-26,1000.0,60.0,25.1,23.7,25.9
1181,07-27,964.8,0.6,28.4,24.9,33.4
1182,07-28,976.9,25.6,26.1,25.0,28.2
1183,07-29,990.2,0.5,27.5,25.6,30.0
1184,07-30,1000.0,1.2,28.1,26.3,30.8
1185,07-31,994.6,62.3,25.8,24.0,27.5
1186,08-01,568.7,26.9,26.3,23.5,30.1
1187,08-02,592.3,0.0,28.4,24.7,33.1
1188,08-03,433.8,3.0,29.4,25.6,36.0
1189,08-04,0.0,8.6,28.3,25.0,34.4
1190,08-05,0.0,0.0,30.5,25.6,35.9
1191,08-06,0.0,0.0,31.6,27.9,36.8
1192,08-07,0.0,8.0,26.9,23.9,30.3
1193,08-08,0.0,0.0,28.9,25.9,32.7
1194,08-09,0.0,0.0,29.8,26.0,34.6
1195,08-10,0.0,0.0,31.5,26.6,36.5
1196,08-11,138.6,6.7,30.4,26.3,35.7
1197,08-12,131.3,56.2,26.6,24.8,28.5
1198,08-13,179.4,6.4,29.2,25.1,35.3
1199,08-14,179.4,0.0,30.4,25.9,35.7
1200,08-15,155.4,16.2,25.9,23.9,28.6
1201,08-16,201.2,0.1,25.9,23.0,29.5
1202,08-17,231.9,0.0,25.9,23.4,28.8
1203,08-18,253.8,0.0,25.6,22.6,30.7
1204,08-19,344.6,0.0,26.3,21.2,31.3
1205,08-20,252.1,0.0,28.2,23.2,32.8
1206,08-21,300.9,1.3,27.0,24.4,30.4
1207,08-22,381.7,0.0,26.9,23.0,31.4
1208,08-23,378.3,0.0,26.2,22.7,30.5
1209,08-24,380.0,0.0,24.1,21.5,27.3
1210,08-25,422.0,0.0,25.0,20.2,29.9
1211,08-26,331.2,0.0,26.4,21.5,32.1
1212,08-27,316.1,20.0,25.7,22.2,29.3
1213,08-28,363.2,0.0,26.1,23.6,30.2
1214,08-29,400.2,36.9,23.4,20.1,26.4
1215,08-30,465.8,0.2,22.6,19.5,27.0
1216,08-31,440.5,0.0,23.5,18.5,28.9
1217,09-01,623.9,0.0,23.7,19.2,27.8
1218,09-02,623.9,0.0,24.4,19.4,29.7
1219,09-03,598.2,0.0,24.1,22.0,28.0
1220,09-04,588.4,22.7,22.8,21.2,25.5
1221,09-05,555.9,36.4,23.0,21.5,27.6
1222,09-06,557.9,2.4,25.3,21.6,29.1
1223,09-07,574.6,2.8,25.7,22.6,29.5
1224,09-08,588.4,0.0,24.7,22.9,27.3
1225,09-09,519.4,0.0,25.1,22.4,28.0
1226,09-10,585.4,63.2,23.8,22.1,26.5
1227,09-11,615.0,7.6,24.3,20.4,28.7
1228,09-12,605.1,3.9,21.0,18.7,22.9
1229,09-13,529.3,0.1,23.3,18.3,29.3
1230,09-14,553.9,0.3,22.4,20.8,24.1
1231,09-15,545.1,0.0,24.2,19.5,30.0
1232,09-16,549.0,0.0,24.5,20.7,30.5
1233,09-17,551.0,0.0,23.5,18.0,29.0
1234,09-18,522.4,0.0,21.0,16.0,25.4
1235,09-19,539.1,0.0,19.5,13.6,26.0
1236,09-20,592.3,0.0,19.6,15.8,24.2
1237,09-21,535.2,0.0,19.6,18.3,22.1
1238,09-22,489.3,0.4,18.6,17.3,19.6
1239,09-23,438.8,0.0,20.0,16.9,24.6
1240,09-24,408.6,0.0,19.8,13.9,26.5
1241,09-25,361.5,0.0,20.9,14.8,27.4
1242,09-26,374.9,0.0,22.9,17.7,29.0
1243,09-27,406.9,0.0,22.9,19.6,27.0
1244,09-28,472.5,0.0,23.7,19.4,29.2
1245,09-29,525.4,0.0,22.6,17.9,28.6
1246,09-30,559.8,0.0,22.4,16.4,29.9
1247,10-01,748.0,0.0,23.1,17.6,28.2
1248,10-02,798.3,23.1,21.6,20.0,24.2
1249,10-03,874.4,4.6,22.4,19.8,27.3
1250,10-04,929.5,0.0,22.4,18.0,27.8
1251,10-05,930.6,0.6,18.7,14.7,21.9
1252,10-06,738.1,0.0,18.1,13.2,22.7
1253,10-07,581.5,25.4,14.8,13.3,17.9
1254,10-08,417.0,0.0,14.7,10.6,19.8
1255,10-09,191.7,0.0,13.6,7.7,20.4
1256,10-10,100.0,0.0,15.2,10.7,19.8
1257,10-11,91.1,0.0,18.8,13.0,26.1
1258,10-12,88.3,0.0,17.9,13.3,23.3
1259,10-13,87.2,0.0,17.2,12.1,23.8
1260,10-14,84.9,0.0,14.4,9.5,19.6
1261,10-15,84.9,0.0,14.5,8.8,20.4
1262,10-16,84.4,0.0,14.6,9.0,20.8
1263,10-17,111.2,0.0,15.4,11.2,21.6
1264,10-18,112.9,0.0,17.0,12.0,22.7
1265,10-19,110.1,0.0,17.0,12.1,23.1
1266,10-20,108.4,0.0,16.5,12.0,22.9
1267,10-21,106.7,0.0,17.1,10.9,24.6
1268,10-22,110.1,0.0,18.1,13.3,24.4
1269,10-23,120.7,0.0,17.0,14.3,20.7
1270,10-24,173.2,0.0,18.3,15.3,23.8
1271,10-25,178.8,0.0,16.7,13.1,22.0
1272,10-26,179.9,0.0,10.0,6.6,14.9
1273,10-27,72.1,0.0,11.0,4.7,17.4
1274,10-28,39.1,1.7,12.9,7.4,17.7
1275,10-29,38.5,0.1,12.5,8.2,17.6
1276,10-30,36.3,0.0,11.2,5.0,17.7
1277,10-31,34.0,0.0,14.8,8.4,19.7
1278,11-01,5.5,0.0,14.9,11.4,20.5
1279,11-02,5.5,0.0,13.6,8.3,18.7
1280,11-03,5.5,0.0,14.7,9.4,22.1
1281,11-04,5.5,0.0,13.8,9.2,20.3
1282,11-05,5.5,0.0,12.4,8.4,18.4
1283,11-06,5.5,0.0,11.0,6.3,16.5
1284,11-07,5.5,0.0,9.2,5.0,13.6
1285,11-08,5.5,0.0,6.8,1.1,13.0
1286,11-09,5.5,0.0,9.5,3.5,17.2
1287,11-10,5.5,11.8,10.0,6.2,15.3
1288,11-11,5.5,1.1,11.2,7.9,15.1
1289,11-12,5.5,0.0,9.3,4.8,14.5
1290,11-13,5.5,7.5,7.2,3.0,11.3
1291,11-14,5.5,0.0,1.3,-2.5,5.0
1292,11-15,5.5,18.8,5.6,1.4,7.6
1293,11-16,5.5,0.0,6.8,3.8,12.7
1294,11-17,5.5,21.1,8.3,5.6,10.5
1295,11-18,5.5,14.7,4.6,0.4,12.7
1296,11-19,5.5,0.0,0.2,-3.5,4.0
1297,11-20,5.5,0.0,0.5,-4.6,6.3
1298,11-21,5.5,0.0,4.2,-2.3,9.0
1299,11-22,5.5,0.0,9.7,3.0,17.3
1300,11-23,5.5,0.0,12.1,7.7,17.7
1301,11-24,5.5,3.8,9.8,4.6,15.6
1302,11-25,5.5,0.0,1.9,-1.2,6.0
1303,11-26,5.5,0.0,6.6,1.2,13.7
1304,11-27,5.5,0.0,3.1,0.3,6.8
1305,11-28,5.5,0.0,3.5,-0.6,10.4
1306,11-29,5.5,0.0,1.5,-3.4,6.9
1307,11-30,5.5,0.0,4.1,-1.4,9.3
1308,12-01,5.5,3.3,4.6,2.3,6.2
1309,12-02,5.5,0.0,-0.1,-3.2,2.8
1310,12-03,5.5,0.6,0.5,-5.0,4.2
1311,12-04,5.5,0.0,2.0,-2.0,7.2
1312,12-05,5.5,0.0,-4.4,-8.5,-0.2
1313,12-06,5.5,0.0,-5.9,-10.6,-1.0
1314,12-07,5.5,0.1,-2.4,-5.5,1.2
1315,12-08,5.5,0.0,-0.9,-5.5,4.9
1316,12-09,5.5,0.0,3.2,-1.3,8.0
1317,12-10,5.5,1.7,8.1,6.0,10.8
1318,12-11,5.5,0.2,6.3,0.1,9.8
1319,12-12,5.5,0.0,-0.7,-3.5,3.4
1320,12-13,5.5,1.0,2.1,-3.7,5.9
1321,12-14,5.5,0.0,2.7,-0.1,6.4
1322,12-15,5.5,0.0,5.3,0.4,11.0
1323,12-16,5.5,0.0,7.8,2.1,12.9
1324,12-17,5.5,9.8,7.7,3.2,10.2
1325,12-18,5.5,0.0,0.8,-1.7,5.2
1326,12-19,5.5,0.0,-0.8,-4.5,3.1
1327,12-20,5.5,0.0,-1.1,-3.5,2.0
1328,12-21,5.5,0.6,-1.2,-5.1,1.5
1329,12-22,5.5,0.3,4.1,0.3,8.4
1330,12-23,5.5,2.9,3.4,0.3,5.2
1331,12-24,5.5,0.0,0.8,-2.9,6.5
1332,12-25,5.5,0.0,2.0,-2.7,6.6
1333,12-25,5.5,0.0,2.0,-2.7,6.6
1334,12-25,5.5,0.0,2.0,-2.7,6.6
1335,12-25,5.5,0.0,2.0,-2.7,6.6
1336,12-26,5.5,0.3,2.0,-2.4,4.1
1337,12-27,5.5,0.0,-1.7,-4.6,2.6
1338,12-28,5.5,0.0,1.1,-3.6,6.1
1339,12-29,5.5,1.4,3.8,1.1,6.2
1340,12-30,5.5,0.4,2.7,-5.7,6.8
1341,12-31,5.5,0.0,-7.9,-10.9,-4.5
